segment,strategy,family,start,end,final_balance,return_pct,max_drawdown_pct,trades,win_rate,profit_factor,avg_trade_pct,sharpe
train,trend_donchian_120_vol_1.0,trend_breakout,2023-08-17 01:00:00+00:00,2025-03-17 05:00:00+00:00,230.74,-23.09,27.76,671,0.303,0.806,-0.367,-0.86
test,trend_donchian_120_vol_1.0,trend_breakout,2025-03-17 06:00:00+00:00,2026-03-27 04:00:00+00:00,284.71,-5.1,11.28,290,0.321,0.888,-0.16,-0.432
full,trend_donchian_120_vol_1.0,trend_breakout,2023-08-17 01:00:00+00:00,2026-03-27 04:00:00+00:00,218.59,-27.14,32.33,961,0.308,0.824,-0.306,-0.726
train,trend_donchian_120_vol_1.3,trend_breakout,2023-08-17 01:00:00+00:00,2025-03-17 05:00:00+00:00,244.64,-18.45,23.88,643,0.314,0.841,-0.293,-0.659
test,trend_donchian_120_vol_1.3,trend_breakout,2025-03-17 06:00:00+00:00,2026-03-27 04:00:00+00:00,286.24,-4.59,11.02,282,0.323,0.897,-0.145,-0.395
full,trend_donchian_120_vol_1.3,trend_breakout,2023-08-17 01:00:00+00:00,2026-03-27 04:00:00+00:00,232.99,-22.34,28.4,925,0.317,0.854,-0.25,-0.574
train,trend_donchian_240_vol_1.0,trend_breakout,2023-08-17 01:00:00+00:00,2025-03-17 05:00:00+00:00,242.14,-19.29,26.25,564,0.298,0.821,-0.348,-0.701
test,trend_donchian_240_vol_1.0,trend_breakout,2025-03-17 06:00:00+00:00,2026-03-27 04:00:00+00:00,281.35,-6.22,10.78,245,0.327,0.843,-0.242,-0.602
full,trend_donchian_240_vol_1.0,trend_breakout,2023-08-17 01:00:00+00:00,2026-03-27 04:00:00+00:00,227.09,-24.3,29.92,809,0.307,0.826,-0.316,-0.653
train,trend_donchian_240_vol_1.3,trend_breakout,2023-08-17 01:00:00+00:00,2025-03-17 05:00:00+00:00,265.98,-11.34,19.6,532,0.312,0.891,-0.194,-0.365
test,trend_donchian_240_vol_1.3,trend_breakout,2025-03-17 06:00:00+00:00,2026-03-27 04:00:00+00:00,280.72,-6.43,12.19,238,0.324,0.836,-0.259,-0.632
full,trend_donchian_240_vol_1.3,trend_breakout,2023-08-17 01:00:00+00:00,2026-03-27 04:00:00+00:00,248.89,-17.04,23.05,770,0.316,0.877,-0.214,-0.423
train,trend_donchian_480_vol_1.0,trend_breakout,2023-08-17 01:00:00+00:00,2025-03-17 05:00:00+00:00,295.44,-1.52,17.38,412,0.311,0.984,0.003,0.024
test,trend_donchian_480_vol_1.0,trend_breakout,2025-03-17 06:00:00+00:00,2026-03-27 04:00:00+00:00,310.67,3.56,7.19,143,0.378,1.134,0.273,0.451
full,trend_donchian_480_vol_1.0,trend_breakout,2023-08-17 01:00:00+00:00,2026-03-27 04:00:00+00:00,305.95,1.98,17.38,555,0.328,1.017,0.072,0.124
train,trend_donchian_480_vol_1.3,trend_breakout,2023-08-17 01:00:00+00:00,2025-03-17 05:00:00+00:00,308.86,2.95,14.81,395,0.322,1.033,0.114,0.195
test,trend_donchian_480_vol_1.3,trend_breakout,2025-03-17 06:00:00+00:00,2026-03-27 04:00:00+00:00,308.51,2.84,6.87,139,0.374,1.11,0.229,0.375
full,trend_donchian_480_vol_1.3,trend_breakout,2023-08-17 01:00:00+00:00,2026-03-27 04:00:00+00:00,317.62,5.87,14.81,534,0.335,1.05,0.144,0.23
train,squeeze_breakout_24_vol_1.2,squeeze_breakout,2023-08-17 01:00:00+00:00,2025-03-17 05:00:00+00:00,246.24,-17.92,18.03,551,0.29,0.698,-0.352,-1.812
test,squeeze_breakout_24_vol_1.2,squeeze_breakout,2025-03-17 06:00:00+00:00,2026-03-27 04:00:00+00:00,256.58,-14.47,15.8,352,0.33,0.6,-0.44,-2.556
full,squeeze_breakout_24_vol_1.2,squeeze_breakout,2023-08-17 01:00:00+00:00,2026-03-27 04:00:00+00:00,210.6,-29.8,30.88,903,0.306,0.665,-0.386,-2.076
train,squeeze_breakout_24_vol_1.5,squeeze_breakout,2023-08-17 01:00:00+00:00,2025-03-17 05:00:00+00:00,260.05,-13.32,13.44,498,0.301,0.754,-0.281,-1.391
test,squeeze_breakout_24_vol_1.5,squeeze_breakout,2025-03-17 06:00:00+00:00,2026-03-27 04:00:00+00:00,256.79,-14.4,15.72,325,0.32,0.578,-0.474,-2.747
full,squeeze_breakout_24_vol_1.5,squeeze_breakout,2023-08-17 01:00:00+00:00,2026-03-27 04:00:00+00:00,222.6,-25.8,27.05,823,0.309,0.692,-0.357,-1.872
train,squeeze_breakout_48_vol_1.2,squeeze_breakout,2023-08-17 01:00:00+00:00,2025-03-17 05:00:00+00:00,264.68,-11.77,12.19,356,0.281,0.707,-0.346,-1.533
test,squeeze_breakout_48_vol_1.2,squeeze_breakout,2025-03-17 06:00:00+00:00,2026-03-27 04:00:00+00:00,280.43,-6.52,8.81,229,0.371,0.714,-0.29,-1.345
full,squeeze_breakout_48_vol_1.2,squeeze_breakout,2023-08-17 01:00:00+00:00,2026-03-27 04:00:00+00:00,247.41,-17.53,19.31,585,0.316,0.709,-0.324,-1.461
train,squeeze_breakout_48_vol_1.5,squeeze_breakout,2023-08-17 01:00:00+00:00,2025-03-17 05:00:00+00:00,273.08,-8.97,9.63,320,0.291,0.75,-0.288,-1.207
test,squeeze_breakout_48_vol_1.5,squeeze_breakout,2025-03-17 06:00:00+00:00,2026-03-27 04:00:00+00:00,278.24,-7.25,9.41,212,0.358,0.669,-0.351,-1.611
full,squeeze_breakout_48_vol_1.5,squeeze_breakout,2023-08-17 01:00:00+00:00,2026-03-27 04:00:00+00:00,253.27,-15.58,17.6,532,0.318,0.721,-0.313,-1.358
train,squeeze_breakout_72_vol_1.2,squeeze_breakout,2023-08-17 01:00:00+00:00,2025-03-17 05:00:00+00:00,281.02,-6.33,7.24,245,0.31,0.776,-0.261,-0.983
test,squeeze_breakout_72_vol_1.2,squeeze_breakout,2025-03-17 06:00:00+00:00,2026-03-27 04:00:00+00:00,293.22,-2.26,3.61,155,0.387,0.855,-0.144,-0.591
full,squeeze_breakout_72_vol_1.2,squeeze_breakout,2023-08-17 01:00:00+00:00,2026-03-27 04:00:00+00:00,274.67,-8.44,10.18,400,0.34,0.803,-0.216,-0.839
train,squeeze_breakout_72_vol_1.5,squeeze_breakout,2023-08-17 01:00:00+00:00,2025-03-17 05:00:00+00:00,286.12,-4.63,5.79,218,0.321,0.813,-0.212,-0.773
test,squeeze_breakout_72_vol_1.5,squeeze_breakout,2025-03-17 06:00:00+00:00,2026-03-27 04:00:00+00:00,290.34,-3.22,4.23,150,0.373,0.793,-0.214,-0.868
full,squeeze_breakout_72_vol_1.5,squeeze_breakout,2023-08-17 01:00:00+00:00,2026-03-27 04:00:00+00:00,276.9,-7.7,9.36,368,0.342,0.806,-0.213,-0.809
train,relative_strength_top_2_rebalance_24,relative_strength,2023-08-17 01:00:00+00:00,2025-03-17 05:00:00+00:00,298.29,-0.57,16.07,259,0.367,0.993,0.02,0.032
test,relative_strength_top_2_rebalance_24,relative_strength,2025-03-17 06:00:00+00:00,2026-03-27 04:00:00+00:00,284.27,-5.24,11.97,108,0.398,0.838,-0.451,-0.544
full,relative_strength_top_2_rebalance_24,relative_strength,2023-08-17 01:00:00+00:00,2026-03-27 04:00:00+00:00,282.65,-5.78,19.24,367,0.376,0.948,-0.119,-0.152
train,relative_strength_top_2_rebalance_72,relative_strength,2023-08-17 01:00:00+00:00,2025-03-17 05:00:00+00:00,309.77,3.26,11.7,133,0.391,1.076,0.295,0.265
test,relative_strength_top_2_rebalance_72,relative_strength,2025-03-17 06:00:00+00:00,2026-03-27 04:00:00+00:00,297.56,-0.81,10.91,57,0.351,0.962,-0.076,-0.064
full,relative_strength_top_2_rebalance_72,relative_strength,2023-08-17 01:00:00+00:00,2026-03-27 04:00:00+00:00,307.26,2.42,11.7,190,0.379,1.038,0.184,0.149
train,relative_strength_top_3_rebalance_24,relative_strength,2023-08-17 01:00:00+00:00,2025-03-17 05:00:00+00:00,295.82,-1.39,19.3,357,0.37,0.988,0.017,0.026
test,relative_strength_top_3_rebalance_24,relative_strength,2025-03-17 06:00:00+00:00,2026-03-27 04:00:00+00:00,296.43,-1.19,12.12,145,0.366,0.973,-0.018,-0.038
full,relative_strength_top_3_rebalance_24,relative_strength,2023-08-17 01:00:00+00:00,2026-03-27 04:00:00+00:00,292.3,-2.57,22.03,502,0.369,0.984,0.007,0.005
train,relative_strength_top_3_rebalance_72,relative_strength,2023-08-17 01:00:00+00:00,2025-03-17 05:00:00+00:00,312.15,4.05,16.84,185,0.357,1.065,0.288,0.265
test,relative_strength_top_3_rebalance_72,relative_strength,2025-03-17 06:00:00+00:00,2026-03-27 04:00:00+00:00,318.79,6.26,10.47,78,0.385,1.225,0.873,0.627
full,relative_strength_top_3_rebalance_72,relative_strength,2023-08-17 01:00:00+00:00,2026-03-27 04:00:00+00:00,331.7,10.57,16.84,263,0.365,1.116,0.461,0.39
train,relative_strength_top_4_rebalance_24,relative_strength,2023-08-17 01:00:00+00:00,2025-03-17 05:00:00+00:00,294.08,-1.97,21.07,429,0.385,0.986,0.023,0.031
test,relative_strength_top_4_rebalance_24,relative_strength,2025-03-17 06:00:00+00:00,2026-03-27 04:00:00+00:00,290.45,-3.18,15.02,179,0.358,0.941,-0.105,-0.147
full,relative_strength_top_4_rebalance_24,relative_strength,2023-08-17 01:00:00+00:00,2026-03-27 04:00:00+00:00,284.71,-5.1,26.0,608,0.377,0.973,-0.015,-0.027
train,relative_strength_top_4_rebalance_72,relative_strength,2023-08-17 01:00:00+00:00,2025-03-17 05:00:00+00:00,301.2,0.4,19.25,231,0.351,1.005,0.1,0.091
test,relative_strength_top_4_rebalance_72,relative_strength,2025-03-17 06:00:00+00:00,2026-03-27 04:00:00+00:00,315.82,5.27,12.92,97,0.351,1.144,0.645,0.466
full,relative_strength_top_4_rebalance_72,relative_strength,2023-08-17 01:00:00+00:00,2026-03-27 04:00:00+00:00,317.08,5.69,19.25,328,0.351,1.049,0.261,0.223
train,panic_reversal_drop_8_vol_1.5,panic_reversal,2023-08-17 01:00:00+00:00,2025-03-17 05:00:00+00:00,321.13,7.04,7.43,92,0.5,1.357,0.765,0.731
test,panic_reversal_drop_8_vol_1.5,panic_reversal,2025-03-17 06:00:00+00:00,2026-03-27 04:00:00+00:00,303.78,1.26,3.93,36,0.556,1.187,0.367,0.311
full,panic_reversal_drop_8_vol_1.5,panic_reversal,2023-08-17 01:00:00+00:00,2026-03-27 04:00:00+00:00,325.17,8.39,7.43,128,0.516,1.312,0.653,0.593
train,panic_reversal_drop_8_vol_2.0,panic_reversal,2023-08-17 01:00:00+00:00,2025-03-17 05:00:00+00:00,319.97,6.66,6.46,71,0.521,1.458,0.93,0.828
test,panic_reversal_drop_8_vol_2.0,panic_reversal,2025-03-17 06:00:00+00:00,2026-03-27 04:00:00+00:00,302.26,0.75,3.29,27,0.556,1.14,0.298,0.215
full,panic_reversal_drop_8_vol_2.0,panic_reversal,2023-08-17 01:00:00+00:00,2026-03-27 04:00:00+00:00,322.38,7.46,6.46,98,0.531,1.367,0.756,0.623
train,panic_reversal_drop_12_vol_1.5,panic_reversal,2023-08-17 01:00:00+00:00,2025-03-17 05:00:00+00:00,305.2,1.73,6.4,33,0.455,1.213,0.545,0.303
test,panic_reversal_drop_12_vol_1.5,panic_reversal,2025-03-17 06:00:00+00:00,2026-03-27 04:00:00+00:00,298.27,-0.58,2.01,9,0.444,0.706,-0.627,-0.227
full,panic_reversal_drop_12_vol_1.5,panic_reversal,2023-08-17 01:00:00+00:00,2026-03-27 04:00:00+00:00,303.44,1.15,6.4,42,0.452,1.113,0.294,0.148
train,panic_reversal_drop_12_vol_2.0,panic_reversal,2023-08-17 01:00:00+00:00,2025-03-17 05:00:00+00:00,307.28,2.43,5.14,29,0.483,1.358,0.85,0.442
test,panic_reversal_drop_12_vol_2.0,panic_reversal,2025-03-17 06:00:00+00:00,2026-03-27 04:00:00+00:00,300.9,0.3,1.21,7,0.571,1.276,0.441,0.149
full,panic_reversal_drop_12_vol_2.0,panic_reversal,2023-08-17 01:00:00+00:00,2026-03-27 04:00:00+00:00,308.21,2.74,5.14,36,0.5,1.346,0.77,0.351
