timestamp,event,pair,tool,direction,price,score,base_score,mtf_penalty_applied,trend_4h,rsi_4h,bullish_4h_pct,fng,fng_regime,leverage,position_size,sl_pct,hold_bars,reason,range_pos_24h,atr_pct,short_pressure_score,liquidity_cap_usage,correlation_group,collapse_gate,range_pct_24h,btc_trend_4h,btc_ret_24h,evidence_tier,evidence_risk_mult,evidence_live_trades,evidence_live_pnl,pnl_pct,pnl_dollar,bars_held,close_reason,tool_streak,balance,active_balance
2026-03-26 03:54:19,OPEN,TAOUSD,distribution_short,short,340.042536,36.03,90.07,0.40,bullish,56.6,75,10,Extreme Fear,1,156.00,0.040,24,DISTRIBUTION SHORT: lower highs; vol decline; RSI fall,,,,,,,,,,,,,,,,,,0,300.00,39.00
2026-03-26 03:54:36,OPEN,BNBUSD,falling_wedge_short,short,642.721200,23.49,58.73,0.40,bullish,52.4,75,10,Extreme Fear,1,31.20,0.040,24,FALLING WEDGE SHORT: converging pattern; price>$640.12 SMA50,,,,,,,,,,,,,,,,,,0,300.00,7.80
2026-03-26 03:54:54,OPEN,ATOMUSD,btc_alt_spread,long,1.741229,5.35,6.69,0.80,bearish,31.0,75,10,Extreme Fear,1,6.24,0.050,24,BTC ALT SPREAD: BTC +0.1% vs ATOMUSD -3.0%; RSI=17.9,,,,,,,,,,,,,,,,,,0,300.00,1.56
2026-03-26 04:09:17,OPEN,ENAUSD,ema_cross_short,short,0.104352,10.46,26.15,0.40,bullish,76.9,67,10,Extreme Fear,1,1.25,0.030,24,EMA CROSS SHORT: EMA5>$0.11 > EMA13$0.10; price>SMA50,,,,,,,,,,,,,,,,,,0,300.00,0.31
2026-03-26 04:09:35,OPEN,ONDOUSD,ema_cross_short,short,0.267134,7.41,18.52,0.40,bullish,67.0,67,10,Extreme Fear,1,0.25,0.030,24,EMA CROSS SHORT: EMA5>$0.27 > EMA13$0.27; price>SMA50,,,,,,,,,,,,,,,,,,0,300.00,0.06
2026-03-26 12:09:14,CLOSE,ENAUSD,ema_cross_short,short,0.097900,,,,,,13,10,Extreme Fear,,,,,,,,,,,,,,,,,,,0.0553,0.0691,8.0,Take profit @ $0.0981,W1,300.08,1.38
2026-03-26 12:09:31,OPEN,FLOKIUSD,btc_alt_spread,long,0.000029,11.11,13.88,0.80,bearish,26.1,13,10,Extreme Fear,1,1.10,0.050,24,BTC ALT SPREAD: BTC -3.3% vs FLOKIUSD -7.4%; RSI=7.9,,,,,,,,,,,,,,,,,,0,300.08,0.28
2026-03-27 01:14:39,CLOSE,ONDOUSD,ema_cross_short,short,0.275520,,,,,,8,13,Extreme Fear,,,,,,,,,,,,,,,,,,,-0.0379,-0.0095,21.1,Stop loss @ $0.2751,L1,300.24,0.52
2026-03-27 01:14:59,OPEN,ONDOUSD,ema_cross_short,short,0.275658,9.89,24.72,0.40,bullish,68.9,8,13,Extreme Fear,1,0.41,0.030,24,EMA CROSS SHORT: EMA5>$0.27 > EMA13$0.27; price>SMA50,,,,,,,,,,,,,,,,,,L1,300.24,0.10
2026-03-27 02:14:40,CLOSE,ONDOUSD,ema_cross_short,short,0.284060,,,,,,10,13,Extreme Fear,,,,,,,,,,,,,,,,,,,-0.0370,-0.0153,1.0,Stop loss @ $0.2839,L2,300.24,0.50
2026-03-27 02:14:57,OPEN,ONDOUSD,ema_cross_short,short,0.284202,13.35,33.38,0.40,bullish,74.7,10,13,Extreme Fear,1,0.40,0.030,24,EMA CROSS SHORT: EMA5>$0.28 > EMA13$0.27; price>SMA50,,,,,,,,,,,,,,,,,,L2,300.24,0.10
2026-03-27 03:54:41,CLOSE,TAOUSD,distribution_short,short,340.333300,,,,,,13,13,Extreme Fear,,,,,,,,,,,,,,,,,,,-0.0074,-1.1474,24.0,Hold timeout (24.0h),L1,299.09,154.95
2026-03-27 03:54:41,CLOSE,BNBUSD,falling_wedge_short,short,628.140000,,,,,,13,13,Extreme Fear,,,,,,,,,,,,,,,,,,,0.0162,0.5050,24.0,Hold timeout (24.0h),W1,299.60,186.66
2026-03-27 03:55:00,OPEN,TAOUSD,alt_btc_revert_t3,short,340.503467,2.52,6.30,0.40,bullish,56.1,13,13,Extreme Fear,1,149.33,0.030,24,ALT BTC REVERT T3: TAOUSD +0.3% vs BTC -2.9% (+3.2%),,,,,,,,,,,,,,,,,,0,299.60,37.33
2026-03-27 03:59:40,CLOSE,ATOMUSD,btc_alt_spread,long,1.704400,,,,,,13,13,Extreme Fear,,,,,,,,,,,,,,,,,,,-0.0277,-0.1725,24.1,Hold timeout (24.1h),L1,299.43,43.40
2026-03-27 04:09:59,OPEN,RENDERUSD,alt_btc_revert_t3,short,1.787893,2.53,6.32,0.40,bullish,53.5,10,13,Extreme Fear,1,34.72,0.030,24,ALT BTC REVERT T3: RENDERUSD -0.3% vs BTC -3.5% (+3.2%),,,,,,,,,,,,,,,,,,0,299.43,8.68
2026-03-27 04:40:03,OPEN,TRXUSD,ema_cross_short,short,0.313258,4.37,10.91,0.40,bullish,59.3,15,13,Extreme Fear,1,6.94,0.030,24,EMA CROSS SHORT: EMA5>$0.31 > EMA13$0.31; price>SMA50,,,,,,,,,,,,,,,,,,L2,299.43,1.74
2026-03-27 11:55:02,CLOSE,ONDOUSD,ema_cross_short,short,0.266930,,,,,,8,13,Extreme Fear,,,,,,,,,,,,,,,,,,,0.0543,0.0217,9.7,Take profit @ $0.2671,W1,299.79,2.16
2026-03-27 11:55:26,OPEN,LINKUSD,blood_in_streets,long,8.596440,17.69,17.69,1.00,bearish,18.0,8,13,Extreme Fear,2,1.73,0.060,24,BLOOD IN STREETS: 87% panic + RSI=11.2,,,,,,,,,,,,,,,,,,0,299.79,0.43
2026-03-27 12:09:59,CLOSE,FLOKIUSD,btc_alt_spread,long,0.000028,,,,,,8,13,Extreme Fear,,,,,,,,,,,,,,,,,,,-0.0307,-0.0339,24.0,Hold timeout (24.0h),L2,299.76,1.50
2026-03-27 12:10:22,OPEN,AAVEUSD,blood_in_streets,long,101.109420,16.02,16.02,1.00,bearish,19.9,8,13,Extreme Fear,2,1.20,0.060,24,BLOOD IN STREETS: 74% panic + RSI=12.0,,,,,,,,,,,,,,,,,,0,299.76,0.30
2026-03-27 12:30:06,CLOSE,TAOUSD,alt_btc_revert_t3,short,319.254300,,,,,,8,13,Extreme Fear,,,,,,,,,,,,,,,,,,,0.0559,8.3481,8.6,Take profit @ $320.0733,W1,308.11,157.97
2026-03-27 12:30:30,OPEN,ETHUSD,blood_in_streets,long,1985.496755,13.56,13.56,1.00,bearish,16.6,8,13,Extreme Fear,2,126.38,0.060,24,BLOOD IN STREETS: 74% panic + RSI=13.2,,,,,,,,,,,,,,,,,,0,308.11,31.57
2026-03-27 13:35:03,CLOSE,RENDERUSD,alt_btc_revert_t3,short,1.680000,,,,,,8,13,Extreme Fear,,,,,,,,,,,,,,,,,,,0.0538,1.8695,9.4,Take profit @ $1.6806,W2,309.98,68.16
2026-03-27 13:35:28,OPEN,BCHUSD,alt_btc_revert_t3,short,463.261515,11.48,8.83,1.30,bearish,43.6,8,13,Extreme Fear,1,54.53,0.030,24,ALT BTC REVERT T3: BCHUSD -0.3% vs BTC -4.7% (+4.4%),,,,,,,,,,,,,,,,,,W2,309.98,13.63
2026-03-27 19:15:14,CLOSE,AAVEUSD,blood_in_streets,long,97.860000,,,,,,5,13,Extreme Fear,,,,,,,,,,,,,,,,,,,-0.0713,-0.0857,7.1,Stop loss @ $98.0761,L1,310.09,14.75
2026-03-27 19:15:38,OPEN,LDOUSD,ema_cross_short,short,0.293146,27.26,20.97,1.30,bearish,57.0,5,13,Extreme Fear,1,11.80,0.030,24,EMA CROSS SHORT: EMA5>$0.29 > EMA13$0.29; price>SMA50,,,,,,,,,,,,,,,,,,W1,310.09,2.95
2026-03-27 20:05:21,CLOSE,LDOUSD,ema_cross_short,short,0.302000,,,,,,8,13,Extreme Fear,,,,,,,,,,,,,,,,,,,-0.0367,-0.4330,0.8,Stop loss @ $0.3019,L1,309.69,14.31
2026-03-27 20:05:48,OPEN,LDOUSD,ema_cross_short,short,0.302151,11.57,28.93,0.40,bullish,66.5,8,13,Extreme Fear,1,11.45,0.030,24,EMA CROSS SHORT: EMA5>$0.29 > EMA13$0.29; price>SMA50,,,,,,,,,,,,,,,,,,L1,309.69,2.86
2026-03-28 00:52:23,OPEN,KAVAUSD,entropy_dip,long,0.051974,5.39,4.15,1.30,bullish,40.1,75,12,Extreme Fear,1,170.52,0.040,8,ENTROPY DIP: entropy=1.81; -3.9% drop 4h,,,,,,,,,,,,,,,,,,0,327.92,42.63
2026-03-28 00:56:33,OPEN,KAVAUSD,entropy_dip,long,0.051674,8.06,10.07,0.80,bearish,39.0,75,12,Extreme Fear,1,170.52,0.040,8,ENTROPY DIP: entropy=1.59; -4.4% drop 4h,,,,,,,,,,,,,,,,,,0,327.92,42.63
2026-03-28 01:01:36,OPEN,TRXUSD,alt_btc_revert_t3,short,0.310116,9.37,7.21,1.30,bearish,45.6,8,12,Extreme Fear,1,34.10,0.030,24,ALT BTC REVERT T3: TRXUSD -0.2% vs BTC -3.9% (+3.6%),,,,,,,,,,,,,,,,,,0,327.92,8.53
2026-03-28 01:01:55,OPEN,LDOUSD,ema_cross_short,short,0.296148,8.48,21.19,0.40,bullish,57.1,8,12,Extreme Fear,1,6.82,0.030,24,EMA CROSS SHORT: EMA5>$0.30 > EMA13$0.29; price>SMA50,,,,,,,,,,,,,,,,,,0,327.92,1.71
2026-03-28 01:02:13,OPEN,BCHUSD,ema_cross_short,short,474.597180,6.53,16.33,0.40,bullish,68.1,8,12,Extreme Fear,1,1.36,0.030,24,EMA CROSS SHORT: EMA5>$472.58 > EMA13$469.58; price>SMA50,,,,,,,,,,,,,,,,,,0,327.92,0.34
2026-03-28 01:02:31,OPEN,RENDERUSD,btc_alt_spread,long,1.640180,3.08,3.85,0.80,bearish,22.9,8,12,Extreme Fear,1,0.27,0.050,24,BTC ALT SPREAD: BTC -3.9% vs RENDERUSD -9.1%; RSI=29.2,,,,,,,,,,,,,,,,,,0,327.92,0.07
2026-03-28 02:39:03,OPEN,ENAUSD,btc_alt_spread,long,0.088356,8.02,10.02,0.80,bearish,22.4,75,12,Extreme Fear,1,125.78,0.050,24,BTC ALT SPREAD: BTC -4.3% vs ENAUSD -9.9%; RSI=20.7,,,,,,,,,,,,,,,,,,0,328.82,87.96
2026-03-28 02:44:02,OPEN,TRXUSD,alt_btc_revert_t3,short,0.310143,10.59,8.15,1.30,bearish,45.7,8,12,Extreme Fear,1,70.37,0.030,24,ALT BTC REVERT T3: TRXUSD -0.2% vs BTC -4.2% (+4.1%),,,,,,,,,,,,,,,,,,0,328.17,17.59
2026-03-28 02:44:20,OPEN,HYPEUSD,alt_btc_revert_t3,short,38.379180,8.10,6.23,1.30,bearish,38.7,8,12,Extreme Fear,1,14.07,0.030,24,ALT BTC REVERT T3: HYPEUSD -1.1% vs BTC -4.2% (+3.1%),,,,,,,,,,,,,,,,,,0,328.17,3.52
2026-03-28 02:44:37,OPEN,LDOUSD,ema_cross_short,short,0.296148,7.54,18.84,0.40,bullish,57.1,8,12,Extreme Fear,1,2.81,0.030,24,EMA CROSS SHORT: EMA5>$0.30 > EMA13$0.29; price>SMA50,,,,,,,,,,,,,,,,,,0,328.17,0.70
2026-03-28 03:49:57,OPEN,APTUSD,btc_alt_spread,long,0.943928,9.30,11.63,0.80,bearish,15.9,75,12,Extreme Fear,1,125.78,0.050,24,BTC ALT SPREAD: BTC -3.8% vs APTUSD -7.5%; RSI=9.9,,,,,,,,,,,,,,,,,,0,329.82,88.60
2026-03-28 03:50:15,OPEN,AAVEUSD,btc_alt_spread,long,96.711620,7.93,9.91,0.80,bearish,12.4,75,12,Extreme Fear,1,70.88,0.050,24,BTC ALT SPREAD: BTC -3.8% vs AAVEUSD -8.7%; RSI=19.0,,,,,,,,,,,,,,,,,,0,329.82,17.72
2026-03-28 08:59:44,CLOSE,KAVAUSD,entropy_dip,long,0.052800,,,,,,10,12,Extreme Fear,,,,,,,,,,,,,,,,,,,0.0153,2.6068,8.1,Hold timeout (8.1h),W1,335.73,387.51
2026-03-28 21:04:27,CLOSE,KAVAUSD,reconciled,long,0.055200,,,,,,75,12,Extreme Fear,,,,,,,,,,,,,,,,,,,0.0000,0.0000,0,reconciled_exit (market fallback),,341.05,529.54
2026-03-28 21:14:18,OPEN,ENAUSD,ema_cross_short,short,0.093046,23.00,17.69,1.30,bearish,48.7,75,12,Extreme Fear,2,176.63,0.030,24,EMA CROSS SHORT: EMA5>$0.09 > EMA13$0.09; price>SMA50,,,,,,,,,,,,,,,,,,0,302.61,44.12
2026-03-28 21:14:38,OPEN,XLMUSD,ema_cross_short,short,0.171061,21.62,16.63,1.30,bearish,58.1,75,12,Extreme Fear,2,35.30,0.030,24,EMA CROSS SHORT: EMA5>$0.17 > EMA13$0.17; price>SMA50,,,,,,,,,,,,,,,,,,0,302.61,8.82
2026-03-28 22:27:34,OPEN,B3USD,crash_neg_ac,long,0.000347,271.86,271.86,1.00,bearish,44.4,21,12,Extreme Fear,1,271.73,0.050,8,CRASH NEG AC: -10.1% drop; autocorr=-0.538,,,,,,,,,,,,,,,,,,0,339.66,67.93
2026-03-28 22:28:11,OPEN,PTBUSD,flash_crash,long,0.001355,103.19,128.98,0.80,bearish,34.0,21,12,Extreme Fear,1,54.35,0.070,8,FLASH CRASH: -53.7% drop 12h,,,,,,,,,,,,,,,,,,0,339.66,13.59
2026-03-28 22:28:45,OPEN,GHSTUSD,flash_crash,long,0.091754,97.76,75.20,1.30,bullish,43.2,21,12,Extreme Fear,1,10.87,0.070,8,FLASH CRASH: -31.3% drop 12h,,,,,,,,,,,,,,,,,,0,339.66,2.72
2026-03-28 22:55:21,OPEN,GUSD,btc_alt_spread,long,0.003411,9.83,12.28,0.80,bearish,17.4,23,12,Extreme Fear,1,271.10,0.050,24,BTC ALT SPREAD: BTC +1.1% vs GUSD -3.5%; RSI=18.3,,,,,,,,,,,,,,,,,,0,338.87,67.77
2026-03-28 23:10:28,OPEN,GUSD,btc_alt_spread,long,0.003409,6.91,8.64,0.80,bearish,17.2,23,12,Extreme Fear,1,52.40,0.050,24,BTC ALT SPREAD: BTC +0.2% vs GUSD -2.9%; RSI=17.9,,,,,,,,,,,,,,,,,,0,338.24,286.46
2026-03-28 23:48:27,OPEN,SUIUSD,entropy_dip,long,0.854373,5.34,6.67,0.80,bearish,18.8,19,12,Extreme Fear,1,267.60,0.040,8,ENTROPY DIP: entropy=1.65; -3.1% drop 4h,,,,,,,,,,,,,,,,,,W1,334.49,66.90
2026-03-29 00:55:17,OPEN,RIVERUSD,flash_crash,long,13.404295,15.88,19.85,0.80,bearish,29.7,19,9,Extreme Fear,1,51.67,0.070,8,FLASH CRASH: -10.2% drop 12h,,,,,,,,,,,,,,,,,,0,334.86,283.47
2026-03-29 13:10:12,OPEN,ADAUSD,btc_alt_spread,long,0.240403,5.41,6.76,0.80,bearish,22.6,19,9,Extreme Fear,1,10.24,0.050,24,BTC ALT SPREAD: BTC -0.5% vs ADAUSD -3.8%; RSI=19.1,,,,,,,,,,,,,,,,,,0,334.48,327.48
2026-03-29 13:20:20,OPEN,ADAUSD,btc_alt_spread,long,0.241297,4.19,5.24,0.80,bearish,24.2,19,9,Extreme Fear,1,10.24,0.050,24,BTC ALT SPREAD: BTC -0.3% vs ADAUSD -3.5%; RSI=21.8,,,,,,,,,,,,,,,,,,0,334.03,333.34
2026-03-29 13:30:37,OPEN,ADAUSD,btc_alt_spread,long,0.241270,4.26,5.33,0.80,bearish,24.1,19,9,Extreme Fear,1,10.24,0.050,24,BTC ALT SPREAD: BTC -0.3% vs ADAUSD -3.5%; RSI=21.7,,,,,,,,,,,,,,,,,,0,336.02,335.06
2026-03-29 16:58:17,OPEN,FETUSD,btc_alt_spread,long,0.233683,0.01,0.02,0.80,bearish,43.6,10,9,Extreme Fear,1,47.70,0.050,24,BTC ALT SPREAD: BTC -0.7% vs FETUSD -4.7%; RSI=35.0,,,,,,,,,,,,,,,,,,0,336.50,288.79
2026-03-29 17:08:26,OPEN,FETUSD,btc_alt_spread,long,0.233483,0.24,0.30,0.80,bearish,43.4,14,9,Extreme Fear,1,47.70,0.050,24,BTC ALT SPREAD: BTC -0.5% vs FETUSD -5.3%; RSI=34.5,,,,,,,,,,,,,,,,,,0,336.56,336.52
2026-03-29 17:18:28,OPEN,NIGHTUSD,btc_alt_spread,long,0.048796,0.06,0.05,1.30,bullish,47.3,14,9,Extreme Fear,1,9.46,0.050,24,BTC ALT SPREAD: BTC -0.7% vs NIGHTUSD -5.1%; RSI=34.9,,,,,,,,,,,,,,,,,,0,335.57,327.38
2026-03-30 00:54:12,CLOSE,SUIUSD,entropy_dip,long,0.852400,,,,,,10,8,Extreme Fear,,,,,,,,,,,,,,,,,,,-0.0090,-2.4026,24.0,Hold timeout (24.0h) (market fallback),L1,335.58,604.28
2026-04-04 06:02:51,CLOSE,RIVERUSD,reconciled,long,12.703000,,,,,,38,11,Extreme Fear,,,,,,,,,,,,,,,,,,,-0.0832,-4.4201,147.6,Hold timeout (147.6h) — no signal conviction (market fallback),,339.26,392.44
2026-04-04 06:02:51,CLOSE,FETUSD,btc_alt_spread,long,0.236300,,,,,,38,11,Extreme Fear,,,,,,,,,,,,,,,,,,,0.0094,0.4493,132.7,Hold timeout (132.7h) — no signal conviction (market fallback),W1,339.71,440.59
2026-04-04 06:02:51,CLOSE,NIGHTUSD,btc_alt_spread,long,0.043260,,,,,,38,11,Extreme Fear,,,,,,,,,,,,,,,,,,,-0.1193,-1.1286,132.6,Stop loss @ $0.0464 (market fallback),L1,338.58,448.92
2026-04-04 06:02:51,CLOSE,SUIUSD,reconciled,long,0.870500,,,,,,38,11,Extreme Fear,,,,,,,,,,,,,,,,,,,-0.0036,-0.9843,122.2,Hold timeout (122.2h) — no signal conviction (market fallback),,337.59,719.84
2026-04-04 18:01:58,CLOSE,ADAUSD,btc_alt_spread,long,0.247736,,,,,,48,11,Extreme Fear,,,,,,,,,,,,,,,,,,,0.0249,0.2552,18.7,RT volume spike 4.8x; pnl +3.1% (market fallback),W1,344.50,354.67
2026-04-08 12:02:59,OPEN,DRIFTUSD,quick_dip,long,0.037781,27.60,21.23,1.30,bullish,78.7,97,17,Extreme Fear,1,296.21,0.050,8,QUICK DIP: -11.1% drop 4h,,,,,,,,,,,,,,,,,,0,370.26,74.05
2026-04-08 12:17:53,CLOSE,DRIFTUSD,quick_dip,long,0.032400,,,,,,97,17,Extreme Fear,,,,,,,,,,,,,,,,,,,-0.1489,-44.1142,0.2,Stop loss @ $0.0359,L1,283.33,581.70
2026-04-08 12:18:15,OPEN,DRIFTUSD,quick_dip,long,0.033583,52.27,40.21,1.30,bullish,58.9,97,17,Extreme Fear,1,260.56,0.050,8,QUICK DIP: -20.9% drop 4h,,,,,,,,,,,,,,,,,,L1,283.33,321.14
2026-04-08 14:09:59,CLOSE,DRIFTUSD,quick_dip,long,0.031800,,,,,,100,17,Extreme Fear,,,,,,,,,,,,,,,,,,,-0.0596,-15.5289,1.0,Stop loss @ $0.0319 (retry) (retry) (retry) (retry) (retry) (retry) (retry) (retry),L2,294.81,557.13
2026-04-10 14:02:51,OPEN,TAOUSD,mega_crash,long,264.182343,53.12,53.12,1.00,bearish,18.0,75,16,Extreme Fear,1,248.27,0.080,24,MEGA CRASH: -20.4% drop 24h,,,,,,,,,,,,,,,,,,0,310.34,62.07
2026-04-10 14:07:52,OPEN,RAVEUSD,vpin_toxic,long,1.341739,25.10,19.31,1.30,bullish,99.7,68,16,Extreme Fear,1,47.78,0.040,8,VPIN TOXIC: VPIN=0.74; red candle,,,,,,,,,,,,,,,,,,0,309.53,262.56
2026-04-10 14:58:14,CLOSE,RAVEUSD,vpin_toxic,long,1.263760,,,,,,82,16,Extreme Fear,,,,,,,,,,,,,,,,,,,-0.0646,-3.0872,0.8,Stop loss @ $1.2881,L1,309.60,359.20
2026-04-10 14:58:31,OPEN,RAVEUSD,vpin_toxic,long,1.282718,25.10,19.31,1.30,bullish,99.6,82,16,Extreme Fear,1,45.38,0.040,8,VPIN TOXIC: VPIN=0.74; red candle,,,,,,,,,,,,,,,,,,L1,309.60,313.81
2026-04-10 15:13:23,CLOSE,RAVEUSD,vpin_toxic,long,1.412740,,,,,,83,16,Extreme Fear,,,,,,,,,,,,,,,,,,,0.0949,2.1527,0,partial_TP hit @ $1.3853,L1,322.86,342.81
2026-04-10 15:38:44,CLOSE,RAVEUSD,vpin_toxic,long,1.498540,,,,,,80,16,Extreme Fear,,,,,,,,,,,,,,,,,,,0.1618,3.6705,0.3,Take profit (remaining) @ $1.3853 (retry),W1,325.23,350.46
2026-04-10 17:05:25,OPEN,WLFIUSD,btc_alt_spread,long,0.080160,17.54,21.93,0.80,bearish,15.3,83,16,Extreme Fear,1,52.33,0.050,24,BTC ALT SPREAD: BTC +0.8% vs WLFIUSD -14.7%; RSI=23.7,,,,,,,,,,,,,,,,,,W1,320.51,267.60
2026-04-10 17:10:17,OPEN,RIVERUSD,crash_neg_ac,long,8.894550,270.68,270.68,1.00,bearish,13.8,81,16,Extreme Fear,1,52.33,0.050,8,CRASH NEG AC: -17.9% drop; autocorr=-0.189,,,,,,,,,,,,,,,,,,0,321.40,320.51
2026-04-10 17:40:49,OPEN,WLFIUSD,mega_crash,long,0.079660,39.00,39.00,1.00,bearish,14.9,77,16,Extreme Fear,1,10.38,0.080,24,MEGA CRASH: -15.0% drop 24h,,,,,,,,,,,,,,,,,,0,318.84,309.10
2026-04-10 17:45:45,OPEN,WLFIUSD,mega_crash,long,0.079760,39.28,39.28,1.00,bearish,14.8,77,16,Extreme Fear,1,10.38,0.080,24,MEGA CRASH: -15.1% drop 24h,,,,,,,,,,,,,,,,,,0,318.64,318.84
2026-04-12 00:26:28,OPEN,RAVEUSD,quick_dip,long,2.043908,15.65,12.04,1.30,bullish,75.8,79,15,Extreme Fear,1,64.01,0.050,8,QUICK DIP: -6.3% drop 4h,,,,,,,,,,,,,,,,,,L2,320.03,256.03
2026-04-12 01:37:25,OPEN,JITOSOLUSD,entropy_dip,long,106.286830,2.52,1.94,1.30,bullish,43.0,79,16,Extreme Fear,1,64.35,0.040,8,ENTROPY DIP: entropy=2.04; -2.1% drop 4h,,,,,,,,,,,,,,,,,,L1,321.75,257.54
2026-04-12 01:37:31,OPEN,ETHUSD,entropy_dip,long,2253.742565,1.44,1.11,1.30,bullish,51.6,79,16,Extreme Fear,1,64.35,0.040,8,ENTROPY DIP: entropy=2.16; -2.1% drop 4h,,,,,,,,,,,,,,,,,,L1,321.75,193.19
2026-04-12 01:37:38,OPEN,LINKUSD,entropy_dip,long,8.921927,0.58,0.44,1.30,bullish,40.8,79,16,Extreme Fear,1,64.35,0.040,8,ENTROPY DIP: entropy=2.40; -2.9% drop 4h,,,,,,,,,,,,,,,,,,L1,321.75,128.84
2026-04-12 01:42:27,OPEN,TAOUSD,quick_dip,long,263.290489,6.63,8.28,0.80,bearish,36.1,71,16,Extreme Fear,1,48.47,0.050,8,QUICK DIP: -5.3% drop 4h,,,,,,,,,,,,,,,,,,L2,321.17,273.29
2026-04-12 01:47:30,OPEN,SOLUSD,entropy_dip,long,82.578690,2.93,2.25,1.30,bullish,35.6,57,16,Extreme Fear,1,9.60,0.040,8,ENTROPY DIP: entropy=2.05; -3.3% drop 4h,,,,,,,,,,,,,,,,,,L1,318.76,311.57
2026-04-12 06:24:40,CLOSE,RAVEUSD,quick_dip,long,2.237540,,,,,,27,16,Extreme Fear,,,,,,,,,,,,,,,,,,,0.0882,2.8238,0,partial_TP hit @ $2.1665,L2,326.84,352.90
2026-04-12 06:55:06,CLOSE,RAVEUSD,quick_dip,long,2.529100,,,,,,27,16,Extreme Fear,,,,,,,,,,,,,,,,,,,0.2309,7.3891,6.1,Take profit (remaining) @ $2.1665 (retry),W1,346.51,379.78
2026-04-12 07:10:25,OPEN,HYPEUSD,btc_alt_spread,long,40.539720,3.25,2.50,1.30,bullish,39.4,27,16,Extreme Fear,1,67.82,0.050,24,BTC ALT SPREAD: BTC -1.5% vs HYPEUSD -4.6%; RSI=24.5,,,,,,,,,,,,,,,,,,W1,339.12,271.15
2026-04-12 08:21:28,OPEN,DOTUSD,btc_alt_spread,long,1.224388,5.36,6.70,0.80,bearish,26.5,20,16,Extreme Fear,1,67.89,0.050,24,BTC ALT SPREAD: BTC -1.4% vs DOTUSD -4.5%; RSI=17.4,,,,,,,,,,,,,,,,,,W1,339.46,271.50
2026-04-12 09:57:34,CLOSE,JITOSOLUSD,entropy_dip,long,104.720000,,,,,,20,16,Extreme Fear,,,,,,,,,,,,,,,,,,,-0.0212,-1.3669,8.1,Hold timeout (8.1h) — no signal conviction,L2,337.21,402.16
2026-04-12 09:57:34,CLOSE,ETHUSD,entropy_dip,long,2215.740000,,,,,,20,16,Extreme Fear,,,,,,,,,,,,,,,,,,,-0.0234,-1.5034,8.1,Hold timeout (8.1h) — no signal conviction,L3,335.70,465.01
2026-04-12 10:02:38,CLOSE,LINKUSD,entropy_dip,long,8.791230,,,,,,20,16,Extreme Fear,,,,,,,,,,,,,,,,,,,-0.0211,-1.3609,8.2,Hold timeout (8.2h) — no signal conviction,L4,336.95,398.69
2026-04-12 10:02:48,OPEN,RAVEUSD,entropy_dip,long,2.525077,42.65,32.81,1.30,bullish,72.5,20,16,Extreme Fear,1,67.39,0.040,8,ENTROPY DIP: entropy=1.50; -13.4% drop 4h,,,,,,,,,,,,,,,,,,L4,336.95,331.30
2026-04-12 10:12:47,CLOSE,SOLUSD,entropy_dip,long,82.250000,,,,,,20,16,Extreme Fear,,,,,,,,,,,,,,,,,,,-0.0105,-0.1006,8.2,Hold timeout (8.2h) — no signal conviction,L5,338.33,415.18
2026-04-12 10:17:59,OPEN,RAVEUSD,quick_dip,long,2.557201,31.86,24.51,1.30,bullish,73.5,20,16,Extreme Fear,1,67.73,0.050,8,QUICK DIP: -12.8% drop 4h,,,,,,,,,,,,,,,,,,W1,338.66,270.60
2026-04-12 12:24:37,CLOSE,RAVEUSD,quick_dip,long,2.717870,,,,,,13,16,Extreme Fear,,,,,,,,,,,,,,,,,,,0.0563,1.9077,0,partial_TP hit @ $2.7106,W1,344.56,376.56
2026-04-12 12:49:55,CLOSE,RAVEUSD,quick_dip,long,2.787340,,,,,,13,16,Extreme Fear,,,,,,,,,,,,,,,,,,,0.0835,2.8277,2.2,Take profit (remaining) @ $2.7106 (retry),W2,347.15,381.67
2026-04-12 17:52:36,CLOSE,TAOUSD,quick_dip,long,258.313600,,,,,,2,16,Extreme Fear,,,,,,,,,,,,,,,,,,,-0.0254,-1.2312,16.1,Hold timeout (16.1h) — no signal conviction,L1,342.71,390.97
2026-04-13 05:42:08,CLOSE,DOTUSD,btc_alt_spread,long,1.160100,,,,,,7,12,Extreme Fear,,,,,,,,,,,,,,,,,,,-0.0590,-4.0061,21.3,Stop loss @ $1.1632,L1,334.95,403.00
2026-04-13 05:42:15,OPEN,DOTUSD,btc_alt_spread,long,1.166317,11.45,14.32,0.80,bearish,17.7,7,12,Extreme Fear,1,66.99,0.050,24,BTC ALT SPREAD: BTC -1.4% vs DOTUSD -4.9%; RSI=14.8,,,,,,,,,,,,,,,,,,L1,334.95,336.01
2026-04-13 15:35:09,OPEN,ZECUSD,btc_alt_spread,long,346.236795,14.15,17.69,0.80,bearish,30.2,7,12,Extreme Fear,1,67.85,0.050,24,BTC ALT SPREAD: BTC +1.2% vs ZECUSD -4.1%; RSI=18.3,,,,,,,,,,,,,,,,,,L1,339.27,271.73
2026-04-13 19:43:21,CLOSE,DOTUSD,btc_alt_spread,long,1.202300,,,,,,56,12,Extreme Fear,,,,,,,,,,,,,,,,,,,0.0244,1.6313,14.0,RT volume spike 4.8x; pnl +3.1%,W1,345.12,412.36
2026-04-13 22:10:19,CLOSE,ZECUSD,btc_alt_spread,long,375.000000,,,,,,75,12,Extreme Fear,,,,,,,,,,,,,,,,,,,0.0766,2.5979,0,partial_TP hit @ $373.9357,W1,348.56,382.28
2026-04-13 22:25:17,CLOSE,ZECUSD,btc_alt_spread,long,380.520000,,,,,,75,12,Extreme Fear,,,,,,,,,,,,,,,,,,,0.0925,3.1388,6.8,Take profit (remaining) @ $373.9357,W2,349.57,383.59
2026-04-14 11:15:13,OPEN,TAOUSD,btc_alt_spread,long,248.885495,15.50,19.37,0.80,bearish,30.3,88,21,Fear,1,69.29,0.050,24,BTC ALT SPREAD: BTC +4.9% vs TAOUSD -4.8%; RSI=19.0,,,,,,,,,,,,,,,,,,W2,346.43,277.15
2026-04-14 15:03:29,OPEN,RAVEUSD,quick_dip,long,16.093389,15.38,11.83,1.30,bullish,72.2,88,21,Fear,1,69.44,0.050,8,QUICK DIP: -6.2% drop 4h,,,,,,,,,,,,,,,,,,L1,347.19,277.66
2026-04-14 16:44:41,CLOSE,RAVEUSD,quick_dip,long,14.999970,,,,,,81,21,Fear,,,,,,,,,,,,,,,,,,,-0.0744,-5.1691,1.6,Stop loss @ $15.2887,L2,335.26,404.56
2026-04-14 17:13:02,OPEN,RAVEUSD,quick_dip,long,15.461665,15.77,12.13,1.30,bullish,68.7,81,21,Fear,1,67.84,0.050,8,QUICK DIP: -6.3% drop 4h,,,,,,,,,,,,,,,,,,L2,339.22,271.28
2026-04-14 23:07:41,CLOSE,RAVEUSD,quick_dip,long,16.592380,,,,,,75,21,Fear,,,,,,,,,,,,,,,,,,,0.0666,2.2603,0,partial_TP hit @ $16.3894,L2,346.14,377.79
2026-04-14 23:17:51,CLOSE,RAVEUSD,quick_dip,long,16.640240,,,,,,75,21,Fear,,,,,,,,,,,,,,,,,,,0.0697,2.3653,6.0,Take profit (remaining) @ $16.3894,W1,346.17,380.10
2026-04-15 02:50:48,OPEN,SOLUSD,btc_alt_spread,long,83.198380,2.07,2.59,0.80,bearish,38.4,69,23,Fear,1,69.22,0.050,24,BTC ALT SPREAD: BTC -0.2% vs SOLUSD -3.5%; RSI=28.8,,,,,,,,,,,,,,,,,,W2,346.10,276.88
2026-04-15 04:06:53,OPEN,RAVEUSD,quick_dip,long,17.271790,15.49,11.91,1.30,bullish,71.9,62,23,Fear,1,69.20,0.050,8,QUICK DIP: -6.2% drop 4h,,,,,,,,,,,,,,,,,,W1,345.99,276.65
2026-04-15 06:08:23,CLOSE,RAVEUSD,quick_dip,long,15.371700,,,,,,62,23,Fear,,,,,,,,,,,,,,,,,,,-0.1165,-8.0623,1.8,Stop loss @ $16.4082,L1,328.44,398.72
2026-04-15 06:18:43,OPEN,RAVEUSD,quick_dip,long,15.570261,41.54,31.95,1.30,bullish,62.4,62,23,Fear,1,67.29,0.050,8,QUICK DIP: -16.6% drop 4h,,,,,,,,,,,,,,,,,,L1,336.46,269.19
2026-04-15 08:15:08,CLOSE,RAVEUSD,quick_dip,long,14.372590,,,,,,56,23,Fear,,,,,,,,,,,,,,,,,,,-0.0834,-5.6135,1.0,Stop loss @ $14.7917,L2,327.71,395.56
2026-04-15 08:15:18,OPEN,RAVEUSD,quick_crash,long,14.904004,63.11,63.11,1.00,bullish,57.2,56,23,Fear,1,65.54,0.070,8,QUICK CRASH: -19.7% drop 8h,,,,,,,,,,,,,,,,,,0,327.71,330.02
2026-04-15 08:25:22,OPEN,RAVEUSD,quick_crash,long,14.182865,71.49,71.49,1.00,bullish,55.8,62,23,Fear,1,66.73,0.070,8,QUICK CRASH: -22.3% drop 8h,,,,,,,,,,,,,,,,,,0,333.65,332.44
2026-04-15 08:50:36,CLOSE,RAVEUSD,quick_crash,long,15.645390,,,,,,62,23,Fear,,,,,,,,,,,,,,,,,,,0.0966,3.2237,0,partial_TP hit @ $15.6012,0,343.64,375.99
2026-04-15 10:01:50,OPEN,JITOSOLUSD,btc_alt_spread,long,105.587180,2.55,3.18,0.80,bearish,35.5,62,23,Fear,1,67.33,0.050,24,BTC ALT SPREAD: BTC -0.5% vs JITOSOLUSD -4.0%; RSI=27.8,,,,,,,,,,,,,,,,,,W2,336.64,268.81
2026-04-15 10:22:00,OPEN,JITOSOLUSD,btc_alt_spread,long,105.587180,2.56,3.19,0.80,bearish,35.5,62,23,Fear,1,67.63,0.050,24,BTC ALT SPREAD: BTC -0.5% vs JITOSOLUSD -4.0%; RSI=27.8,,,,,,,,,,,,,,,,,,W2,338.17,271.07
2026-04-15 10:26:55,CLOSE,RAVEUSD,quick_crash,long,13.328880,,,,,,62,23,Fear,,,,,,,,,,,,,,,,,,,-0.0521,-2.6053,1.8,Stop loss @ $13.5461,L1,335.20,385.61
2026-04-15 10:27:06,OPEN,RAVEUSD,quick_crash,long,13.976698,79.81,79.81,1.00,bullish,54.8,62,23,Fear,1,67.04,0.070,8,QUICK CRASH: -24.9% drop 8h,,,,,,,,,,,,,,,,,,L1,335.20,318.57
2026-04-15 10:32:09,OPEN,JITOSOLUSD,btc_alt_spread,long,105.767090,0.21,0.27,0.80,bearish,37.6,62,23,Fear,1,67.24,0.050,24,BTC ALT SPREAD: BTC -0.7% vs JITOSOLUSD -3.9%; RSI=34.3,,,,,,,,,,,,,,,,,,W2,336.22,335.59
2026-04-15 11:22:38,CLOSE,TAOUSD,btc_alt_spread,long,248.033600,,,,,,62,23,Fear,,,,,,,,,,,,,,,,,,,-0.0099,-0.6875,24.0,Hold timeout (24.0h) — no signal conviction,L1,335.10,405.58
2026-04-15 12:08:15,CLOSE,RAVEUSD,quick_crash,long,12.589700,,,,,,62,23,Fear,,,,,,,,,,,,,,,,,,,-0.0941,-9.4581,1.4,Stop loss @ $12.8319,L2,318.81,420.81
2026-04-15 23:36:29,OPEN,RAVEUSD,crash_neg_ac,long,10.841676,948.17,948.17,1.00,bullish,41.6,93,23,Fear,1,65.89,0.050,8,CRASH NEG AC: -34.6% drop; autocorr=-0.342,,,,,,,,,,,,,,,,,,0,329.45,263.56
2026-04-16 01:37:59,CLOSE,RAVEUSD,crash_neg_ac,long,12.080910,,,,,,75,23,Fear,,,,,,,,,,,,,,,,,,,0.1078,3.5516,0,partial_TP hit @ $11.7090,0,339.89,371.11
2026-04-16 02:18:33,CLOSE,RAVEUSD,crash_neg_ac,long,11.844580,,,,,,75,23,Fear,,,,,,,,,,,,,,,,,,,0.0860,2.8334,2.6,Take profit (remaining) @ $11.7090,W1,338.78,371.84
2026-04-16 02:18:41,OPEN,RAVEUSD,crash_neg_ac,long,12.230332,662.12,662.12,1.00,bullish,49.8,75,23,Fear,1,67.76,0.050,8,CRASH NEG AC: -34.5% drop; autocorr=-0.295,,,,,,,,,,,,,,,,,,W1,338.78,304.09
2026-04-16 02:28:49,OPEN,RAVEUSD,crash_neg_ac,long,13.274559,482.00,482.00,1.00,bullish,54.1,81,23,Fear,1,67.19,0.050,8,CRASH NEG AC: -29.6% drop; autocorr=-0.251,,,,,,,,,,,,,,,,,,W1,335.95,336.52
2026-04-16 03:19:23,CLOSE,RAVEUSD,crash_neg_ac,long,15.043940,,,,,,88,23,Fear,,,,,,,,,,,,,,,,,,,0.1268,4.2596,0,partial_TP hit @ $14.3365,W1,346.97,378.45
2026-04-16 17:00:35,OPEN,RAVEUSD,dip_buy_5pct,long,15.664214,17.09,13.14,1.30,bullish,59.8,88,23,Fear,1,68.71,0.040,8,DIP BUY 5PCT: -8.2% drop 4h,,,,,,,,,,,,,,,,,,0,343.53,274.82
2026-04-16 17:15:47,OPEN,RAVEUSD,dip_buy_5pct,long,16.162235,10.81,8.31,1.30,bullish,63.0,88,23,Fear,1,68.70,0.040,8,DIP BUY 5PCT: -5.2% drop 4h,,,,,,,,,,,,,,,,,,0,343.52,274.82
2026-04-16 20:13:01,CLOSE,RAVEUSD,dip_buy_5pct,long,17.184550,,,,,,88,23,Fear,,,,,,,,,,,,,,,,,,,0.0568,1.9496,0,partial_TP hit @ $17.1320,0,352.88,385.91
2026-04-16 23:39:13,CLOSE,RAVEUSD,dip_buy_5pct,long,17.154920,,,,,,94,23,Fear,,,,,,,,,,,,,,,,,,,0.0549,1.8866,6.3,Take profit (remaining) @ $17.1320,W1,352.32,386.61
2026-04-17 13:20:19,CLOSE,JITOSOLUSD,btc_alt_spread,long,114.410000,,,,,,88,21,Fear,,,,,,,,,,,,,,,,,,,0.0752,2.5289,0,partial_TP hit @ $114.2285,L1,353.31,386.56
2026-04-17 14:00:56,CLOSE,JITOSOLUSD,btc_alt_spread,long,114.230000,,,,,,94,21,Fear,,,,,,,,,,,,,,,,,,,0.0735,2.4717,51.2,Take profit (remaining) @ $114.2285,W1,353.12,386.74
2026-04-17 14:01:07,OPEN,RAVEUSD,dip_buy_5pct,long,17.876567,8.54,6.57,1.30,bullish,64.5,94,21,Fear,1,70.62,0.040,8,DIP BUY 5PCT: -5.1% drop 4h,,,,,,,,,,,,,,,,,,W1,353.12,316.12
2026-04-17 14:09:26,OPEN,RAVEUSD,dip_buy_5pct,long,16.908082,14.63,11.26,1.30,bullish,58.2,95,21,Fear,1,70.13,0.040,8,DIP BUY 5PCT: -8.7% drop 4h,,,,,,,,,,,,,,,,,,W1,350.65,351.14
2026-04-17 15:40:29,CLOSE,RAVEUSD,dip_buy_5pct,long,18.407650,,,,,,94,21,Fear,,,,,,,,,,,,,,,,,,,0.0822,2.8820,0,partial_TP hit @ $17.9226,W1,359.47,390.51
2026-04-17 15:50:37,CLOSE,RAVEUSD,dip_buy_5pct,long,18.276570,,,,,,94,21,Fear,,,,,,,,,,,,,,,,,,,0.0744,2.6101,1.6,Take profit (remaining) @ $17.9226,W2,358.86,393.98
2026-04-18 08:28:57,OPEN,RAVEUSD,dip_buy_5pct,long,24.596356,14.38,11.06,1.30,bullish,73.2,88,26,Fear,1,71.25,0.040,8,DIP BUY 5PCT: -8.5% drop 4h,,,,,,,,,,,,,,,,,,W2,356.23,284.98
2026-04-18 08:44:09,OPEN,SOLUSD,btc_alt_spread,long,87.146405,5.23,4.02,1.30,bullish,43.2,88,26,Fear,1,71.80,0.050,24,BTC ALT SPREAD: BTC +1.0% vs SOLUSD -2.0%; RSI=17.6,,,,,,,,,,,,,,,,,,W1,359.02,286.77
2026-04-18 08:59:19,OPEN,JITOSOLUSD,btc_alt_spread,long,111.304320,7.32,5.63,1.30,bullish,45.3,88,26,Fear,1,71.47,0.050,24,BTC ALT SPREAD: BTC +1.3% vs JITOSOLUSD -1.7%; RSI=11.0,,,,,,,,,,,,,,,,,,W1,357.36,288.08
2026-04-18 11:00:56,OPEN,AVAXUSD,btc_alt_spread,long,9.425285,5.28,6.60,0.80,bearish,35.8,82,26,Fear,1,71.38,0.050,24,BTC ALT SPREAD: BTC +0.8% vs AVAXUSD -2.4%; RSI=18.2,,,,,,,,,,,,,,,,,,W1,356.90,285.92
2026-04-18 11:01:06,OPEN,SUIUSD,btc_alt_spread,long,0.974313,3.81,2.93,1.30,bullish,39.7,82,26,Fear,1,71.38,0.050,24,BTC ALT SPREAD: BTC +0.8% vs SUIUSD -2.6%; RSI=23.5,,,,,,,,,,,,,,,,,,W1,356.90,214.54
2026-04-18 11:01:15,OPEN,TAOUSD,btc_alt_spread,long,248.998838,2.18,1.68,1.30,bullish,43.4,82,26,Fear,1,71.38,0.050,24,BTC ALT SPREAD: BTC +0.8% vs TAOUSD -2.3%; RSI=27.9,,,,,,,,,,,,,,,,,,W1,356.90,143.16
2026-04-18 11:41:18,CLOSE,RAVEUSD,dip_buy_5pct,long,21.737380,,,,,,82,26,Fear,,,,,,,,,,,,,,,,,,,-0.1227,-8.7444,3.1,Stop loss @ $23.6125,L1,336.51,409.23
2026-04-18 11:41:36,OPEN,ZECUSD,btc_alt_spread,long,321.219310,5.50,6.88,0.80,bearish,32.0,82,26,Fear,1,67.30,0.050,24,BTC ALT SPREAD: BTC +0.3% vs ZECUSD -3.6%; RSI=20.9,,,,,,,,,,,,,,,,,,W1,336.51,341.93
2026-04-18 11:51:43,OPEN,ZECUSD,btc_alt_spread,long,322.338750,4.88,6.11,0.80,bearish,32.6,76,26,Fear,1,69.00,0.050,24,BTC ALT SPREAD: BTC +0.4% vs ZECUSD -3.3%; RSI=21.9,,,,,,,,,,,,,,,,,,W1,345.02,342.94
2026-04-18 12:01:53,OPEN,ZECUSD,btc_alt_spread,long,324.757540,3.66,4.57,0.80,bearish,35.1,82,26,Fear,1,69.11,0.050,24,BTC ALT SPREAD: BTC -0.1% vs ZECUSD -5.1%; RSI=27.6,,,,,,,,,,,,,,,,,,W1,345.53,345.29
2026-04-19 11:09:58,CLOSE,TAOUSD,btc_alt_spread,long,246.939800,,,,,,0,27,Fear,,,,,,,,,,,,,,,,,,,-0.0148,-1.0542,24.1,Hold timeout (24.1h) — no signal conviction,L1,342.13,412.40
2026-04-19 11:20:05,CLOSE,AVAXUSD,btc_alt_spread,long,9.250000,,,,,,0,27,Fear,,,,,,,,,,,,,,,,,,,-0.0251,-1.7915,24.2,Hold timeout (24.2h) — no signal conviction,L2,341.74,414.07
2026-04-19 11:20:05,CLOSE,SUIUSD,btc_alt_spread,long,0.952800,,,,,,0,27,Fear,,,,,,,,,,,,,,,,,,,-0.0286,-2.0400,24.2,Hold timeout (24.2h) — no signal conviction,L3,339.70,483.41
2026-04-19 11:45:34,OPEN,RAVEUSD,volatile_oversold,long,1.189685,609.96,609.96,1.00,bearish,18.5,0,27,Fear,1,68.81,0.080,8,VOLATILE OVERSOLD: ATR=94.3%; RSI=16.9,,,,,,,,,,,,,,,,,,0,344.05,275.17
2026-04-19 12:15:50,CLOSE,ZECUSD,btc_alt_spread,long,330.590000,,,,,,0,27,Fear,,,,,,,,,,,,,,,,,,,0.0115,0.7919,24.1,Hold timeout (24.1h) — no signal conviction,W1,344.48,413.91
2026-04-19 13:37:03,OPEN,AAVEUSD,mega_crash,long,93.503225,32.54,32.54,1.00,bearish,24.6,0,27,Fear,1,68.12,0.080,24,MEGA CRASH: -16.3% drop 24h,,,,,,,,,,,,,,,,,,0,340.59,272.77
2026-04-19 17:10:01,OPEN,ZECUSD,dip_buy_5pct,long,312.743550,6.73,8.42,0.80,bearish,32.3,0,27,Fear,1,64.52,0.040,8,DIP BUY 5PCT: -6.5% drop 4h,,,,,,,,,,,,,,,,,,L1,322.58,258.09
2026-04-19 17:55:24,CLOSE,RAVEUSD,volatile_oversold,long,1.064990,,,,,,0,27,Fear,,,,,,,,,,,,,,,,,,,-0.0991,-10.2280,3.4,Stop loss @ $1.0798 (retry),L1,329.57,431.23
2026-04-19 19:42:01,OPEN,HYPEUSD,btc_alt_spread,long,41.579200,9.11,11.39,0.80,bearish,20.7,0,27,Fear,1,68.25,0.050,24,BTC ALT SPREAD: BTC -0.8% vs HYPEUSD -5.6%; RSI=20.2,,,,,,,,,,,,,,,,,,W1,341.24,272.69
2026-04-20 01:20:26,CLOSE,ZECUSD,dip_buy_5pct,long,308.430000,,,,,,0,29,Fear,,,,,,,,,,,,,,,,,,,-0.0203,-1.3092,8.1,Hold timeout (8.1h) — no signal conviction,L2,340.90,405.80
2026-04-20 14:00:20,CLOSE,AAVEUSD,mega_crash,long,89.940000,,,,,,6,29,Fear,,,,,,,,,,,,,,,,,,,-0.0340,-3.4707,24.1,Hold timeout (24.1h) — no signal conviction (retry),L1,335.41,437.76
2026-04-20 17:58:38,OPEN,RAVEUSD,mega_crash,long,0.590754,116.51,116.51,1.00,bearish,19.4,18,29,Fear,1,67.81,0.080,24,MEGA CRASH: -44.8% drop 24h,,,,,,,,,,,,,,,,,,L1,339.05,271.37
2026-04-20 19:24:38,CLOSE,RAVEUSD,mega_crash,long,0.655140,,,,,,18,29,Fear,,,,,,,,,,,,,,,,,,,0.1025,3.4748,0,partial_TP hit @ $0.6498,L1,349.44,381.05
2026-04-20 20:05:08,CLOSE,HYPEUSD,btc_alt_spread,long,41.340000,,,,,,18,29,Fear,,,,,,,,,,,,,,,,,,,-0.0123,-0.8362,24.0,Hold timeout (24.0h) — no signal conviction (retry),L1,344.74,413.29
2026-04-20 21:26:13,CLOSE,RAVEUSD,mega_crash,long,0.652120,,,,,,29,29,Fear,,,,,,,,,,,,,,,,,,,0.0974,3.3015,1.7,Take profit (remaining) @ $0.6498,W1,348.87,382.78
2026-04-21 10:11:28,OPEN,RAVEUSD,dip_buy_5pct,long,1.570554,6.76,8.45,0.80,bearish,36.2,80,33,Neutral,1,69.12,0.040,8,DIP BUY 5PCT: -8.4% drop 4h,,,,,,,,,,,,,,,,,,L2,345.58,276.47
2026-04-21 10:36:46,CLOSE,RAVEUSD,dip_buy_5pct,long,1.674090,,,,,,80,33,Neutral,,,,,,,,,,,,,,,,,,,0.0594,2.0536,0,partial_TP hit @ $1.6648,L2,351.47,385.17
2026-04-21 10:46:50,CLOSE,RAVEUSD,dip_buy_5pct,long,1.745650,,,,,,80,33,Neutral,,,,,,,,,,,,,,,,,,,0.1050,3.6281,0.5,Take profit (remaining) @ $1.6648,W1,355.01,389.75
2026-04-21 11:02:12,OPEN,RAVEUSD,dip_buy_5pct,long,1.639960,12.47,15.59,0.80,bearish,36.9,87,33,Neutral,1,70.28,0.040,8,DIP BUY 5PCT: -15.6% drop 4h,,,,,,,,,,,,,,,,,,W1,351.38,281.11
2026-04-21 12:23:09,CLOSE,RAVEUSD,dip_buy_5pct,long,1.748350,,,,,,81,33,Neutral,,,,,,,,,,,,,,,,,,,0.0596,2.0940,0,partial_TP hit @ $1.7384,W1,357.63,391.54
2026-04-21 12:43:26,CLOSE,RAVEUSD,dip_buy_5pct,long,1.748650,,,,,,81,33,Neutral,,,,,,,,,,,,,,,,,,,0.0598,2.1004,1.4,Take profit (remaining) @ $1.7384,W2,357.57,392.71
2026-04-21 14:40:11,OPEN,RAVEUSD,deep_dip_8h,long,1.546396,15.40,19.25,0.80,bearish,35.8,81,33,Neutral,1,71.10,0.040,8,DEEP DIP 8h: -9.9% drop,,,,,,,,,,,,,,,,,,0,355.48,284.38
2026-04-21 15:00:12,CLOSE,RAVEUSD,deep_dip_8h,long,1.314800,,,,,,82,33,Neutral,,,,,,,,,,,,,,,,,,,-0.1384,-14.7575,0.2,Stop loss @ $1.4540,L1,325.74,433.05
2026-04-21 16:48:37,OPEN,HYPEUSD,btc_alt_spread,long,39.890045,4.35,5.44,0.80,bearish,24.8,71,33,Neutral,1,68.10,0.040,24,BTC ALT SPREAD: BTC +0.9% vs HYPEUSD -2.3%; RSI=21.1,,,,,,,,,,,,,,,,,,L1,340.50,272.40
2026-04-22 15:04:56,OPEN,RAVEUSD,flash_crash,long,1.171264,17.59,21.98,0.80,bearish,33.8,82,32,Neutral,1,68.46,0.070,8,FLASH CRASH: -14.7% drop 12h,0.2069,15.2535,0.0,0.0011,other,collapse,,,,,,,,,,,,0,342.29,205.73
2026-04-22 16:00:26,OPEN,TAOUSD,btc_alt_spread,long,244.049814,0.22,0.28,0.80,bearish,44.9,82,32,Neutral,1,67.11,0.040,24,"BTC ALT SPREAD: BTC +4.6% vs TAOUSD -0.3%, RSI=34.5",0.38,1.0042,0.0,0.0025,mid_cap,normal,,,,,,,,,,,,L1,338.95,101.05
2026-04-22 16:53:04,OPEN,LINKUSD,btc_alt_spread,long,9.425295,0.99,0.76,1.30,bullish,53.6,75,32,Neutral,1,68.30,0.040,24.0,"BTC ALT SPREAD: BTC +4.0% vs LINKUSD +0.8%, RSI=32.6",0.623,0.6343,1.35,,defi,normal,,,,,,,,,,,,L1,344.95,38.75
2026-04-22 17:12:05,CLOSE,HYPEUSD,btc_alt_spread,long,41.110000,,,,,,83,32,Neutral,,,,,,,,,,,,,,,,,,,0.0241,1.6401,24.1,Hold timeout (24.1h) — no signal conviction (retry),W1,349.91,127.87
2026-04-22 17:34:09,OPEN,DOTUSD,btc_alt_spread,long,1.287856,0.66,0.51,1.30,bullish,50.8,83,32,Neutral,1,68.26,0.040,24.0,"BTC ALT SPREAD: BTC +4.4% vs DOTUSD +1.3%, RSI=32.8",0.4568,0.7791,0.06,,alt_l1,normal,,,,,,,,,,,,W1,344.76,106.70
2026-04-22 17:39:22,OPEN,LINKUSD,btc_alt_spread,long,9.436250,0.46,0.35,1.30,bullish,53.5,83,32,Neutral,1,67.98,0.040,24.0,"BTC ALT SPREAD: BTC +4.3% vs LINKUSD +1.0%, RSI=34.0",0.6184,0.6268,1.4,,defi,normal,,,,,,,,,,,,W1,343.34,37.30
2026-04-23 02:21:46,CLOSE,DOTUSD,btc_alt_spread,long,1.265900,,,,,,66,46,Neutral,,,,,,0.4568,0.7791,0.06,,alt_l1,normal,,,,,,,,-0.0235,-1.6075,8.7,Conviction decay — no long support after 8.7h,L1,320.49,66.66
2026-04-23 02:21:56,OPEN,JITOSOLUSD,simple_buy_uptrend,long,111.934005,4.98,3.83,1.30,bullish,72.5,66,46,Neutral,1,29.03,0.180,1008.0,"UPTREND BUY: 50>200 SMA, ret1w=3.8%",0.8027,0.0937,6.72,0.0003,other,normal,,,,,,,,,,,,0,320.49,37.62
2026-04-23 02:37:09,OPEN,XMRUSD,btc_alt_spread,long,362.538640,13.41,16.76,0.80,bearish,37.2,44,46,Neutral,1,56.01,0.040,24.0,"BTC ALT SPREAD: BTC +0.6% vs XMRUSD -7.1%, RSI=17.6",0.0022,1.37,0.0,0.002,other,normal,,,,,,,,,,,,L1,317.12,14.71
2026-04-23 03:02:29,OPEN,LINKUSD,btc_alt_spread,long,9.201237,7.56,9.44,0.80,bearish,31.3,39,46,Neutral,1,50.87,0.040,24.0,"BTC ALT SPREAD: BTC +0.5% vs LINKUSD -3.3%, RSI=15.3",0.0851,0.6478,0.0,,defi,normal,,,,,,,,,,,,L1,319.08,13.36
2026-04-23 03:37:46,CLOSE,RAVEUSD,flash_crash,long,0.941720,,,,,,41,46,Neutral,,,,,,0.2069,15.2535,0.0,0.0011,other,collapse,,,,,,,,-0.1935,-19.8731,12.5,Stop loss @ $1.0773,L1,299.06,96.03
2026-04-23 04:13:13,CLOSE,TAOUSD,btc_alt_spread,long,241.536500,,,,,,25,46,Neutral,,,,,,0.38,1.0042,0.0,0.0025,mid_cap,normal,,,,,,,,-0.0168,-1.1274,12.1,Conviction decay — no long support after 12.1h,L2,317.79,181.87
2026-04-23 16:15:21,OPEN,XBTUSD,simple_buy_uptrend,long,78305.527650,7.02,5.40,1.30,bullish,60.3,75,46,Neutral,1,31.87,0.180,1008.0,"UPTREND BUY: 50>200 SMA, ret1w=5.4%",0.5899,0.5767,5.76,0.0001,large_cap,normal,,,,,,,,,,,,0,321.66,41.30
2026-04-23 16:15:46,OPEN,AVAXUSD,buy_btc_leading,long,9.375310,5.67,7.09,0.80,bearish,51.5,75,46,Neutral,1,17.99,0.180,1008.0,"BTC LEADING: BTC +5.4%, alt lag 6.8%",0.5,0.6849,0.0,,alt_l1,normal,,,,,,,,,,,,0,321.66,23.31
2026-04-23 16:15:59,OPEN,SOLUSD,buy_btc_leading,long,86.106925,5.10,6.37,0.80,bearish,47.6,75,46,Neutral,1,10.15,0.180,1008.0,"BTC LEADING: BTC +5.4%, alt lag 5.8%",0.3375,0.6125,0.0,,large_cap,normal,,,,,,,,,,,,0,321.66,13.16
2026-04-23 16:16:12,OPEN,ETHUSD,buy_btc_leading,long,2329.954440,4.57,5.71,0.80,bearish,39.4,75,46,Neutral,1,5.73,0.180,1008.0,"BTC LEADING: BTC +5.4%, alt lag 5.2%",0.2474,0.7132,0.0,0.0,large_cap,normal,,,,,,,,,,,,0,321.66,7.43
2026-04-23 16:16:24,OPEN,XRPUSD,buy_btc_leading,long,1.428845,4.35,5.44,0.80,bearish,49.1,75,46,Neutral,1,3.23,0.180,1008.0,"BTC LEADING: BTC +5.4%, alt lag 5.2%",0.4647,0.5362,0.0,0.0,mid_cap,normal,,,,,,,,,,,,0,321.66,4.19
2026-04-23 16:33:02,OPEN,LTCUSD,buy_btc_leading,long,55.712130,7.90,6.08,1.30,bullish,53.3,75,46,Neutral,1,31.86,0.180,1008.0,"BTC LEADING: BTC +5.5%, alt lag 5.6%",0.6,0.4985,5.81,,mid_cap,normal,,,,,,,,,,,,0,321.63,41.28
2026-04-23 16:33:35,OPEN,XBTUSD,simple_buy_uptrend,long,78372.494150,7.13,5.48,1.30,bullish,61.2,75,46,Neutral,1,17.98,0.180,1008.0,"UPTREND BUY: 50>200 SMA, ret1w=5.5%",0.62,0.5836,5.76,0.0,large_cap,normal,,,,,,,,,,,,0,321.63,23.30
2026-04-23 16:34:01,OPEN,AVAXUSD,buy_btc_leading,long,9.395300,5.74,7.17,0.80,bearish,51.5,75,46,Neutral,1,10.15,0.180,1008.0,"BTC LEADING: BTC +5.5%, alt lag 6.8%",0.5,0.7001,0.0,,alt_l1,normal,,,,,,,,,,,,0,321.63,13.15
2026-04-23 16:34:28,OPEN,SOLUSD,buy_btc_leading,long,86.136910,5.22,6.52,0.80,bearish,45.8,75,46,Neutral,1,5.73,0.180,1008.0,"BTC LEADING: BTC +5.5%, alt lag 6.0%",0.2965,0.6234,0.0,,large_cap,normal,,,,,,,,,,,,0,321.63,7.42
2026-04-23 16:35:01,OPEN,ETHUSD,buy_btc_leading,long,2333.162835,4.63,5.79,0.80,bearish,39.4,75,46,Neutral,1,3.23,0.180,1008.0,"BTC LEADING: BTC +5.5%, alt lag 5.2%",0.2486,0.7169,0.0,0.0,large_cap,normal,,,,,,,,,,,,0,321.63,4.19
2026-04-23 16:41:13,OPEN,LTCUSD,buy_btc_leading,long,55.692140,7.80,6.00,1.30,bullish,53.9,75,46,Neutral,1,25.85,0.180,1008.0,"BTC LEADING: BTC +5.4%, alt lag 5.5%",0.6154,0.4983,5.84,,mid_cap,normal,,,,,,,,,,,,0,321.44,33.49
2026-04-23 16:41:50,OPEN,XBTUSD,simple_buy_uptrend,long,78340.110350,7.05,5.42,1.30,bullish,60.5,75,46,Neutral,1,14.59,0.180,1008.0,"UPTREND BUY: 50>200 SMA, ret1w=5.4%",0.5965,0.584,5.76,0.0,large_cap,normal,,,,,,,,,,,,0,321.44,18.91
2026-04-23 16:42:28,OPEN,SOLUSD,buy_btc_leading,long,86.086935,5.19,6.49,0.80,bearish,45.1,75,46,Neutral,1,8.23,0.180,1008.0,"BTC LEADING: BTC +5.4%, alt lag 6.0%",0.2808,0.6262,0.0,,large_cap,normal,,,,,,,,,,,,0,321.44,10.67
2026-04-23 16:49:57,CLOSE,AVAXUSD,reconciled,long,9.390000,,,,,,36,46,Neutral,,,,,,,,,,,,,,,,,,,-0.0065,-0.0659,0.0,Slot replacement for buy_btc_leading LDOUSD score 17.4,,321.57,167.53
2026-04-23 16:49:57,CLOSE,ETHUSD,reconciled,long,2332.810000,,,,,,36,46,Neutral,,,,,,,,,,,,,,,,,,,-0.0061,-0.0217,0.1,Slot replacement for buy_btc_leading ZECUSD score 13.3,,321.55,171.04
2026-04-23 17:20:18,OPEN,DOTUSD,btc_alt_spread,long,1.231384,2.92,3.65,0.80,bearish,21.2,36,46,Neutral,1,37.72,0.040,24.0,"BTC ALT SPREAD: BTC -1.6% vs DOTUSD -4.7%, RSI=25.5",0.0046,0.7706,0.0,,alt_l1,normal,,,,,,,,,,,,L2,320.78,132.55
2026-04-23 21:38:15,CLOSE,XBTUSD,simple_buy_uptrend,long,78000.000000,,,,,,36,46,Neutral,,,,,,0.5965,0.584,5.76,0.0,large_cap,normal,,,,,,,,-0.0108,-0.1582,4.9,Bearish overlay: distribution_short score 539.2,L1,321.22,99.37
2026-04-24 03:12:20,CLOSE,LINKUSD,btc_alt_spread,long,9.332280,,,,,,47,39,Neutral,,,,,,0.0851,0.6478,0.0,,defi,normal,,,,,,,,0.0077,0.3939,24.1,Hold timeout (24.1h) — no signal conviction,W1,322.14,199.37
2026-04-24 17:44:04,CLOSE,DOTUSD,btc_alt_spread,long,1.256600,,,,,,67,39,Neutral,,,,,,0.0046,0.7706,0.0,,alt_l1,normal,,,,,,,,0.0140,0.5273,24.2,Hold timeout (24.2h) — no signal conviction,W2,321.88,188.63
2026-04-25 07:14:55,CLOSE,XMRUSD,btc_alt_spread,long,371.800000,,,,,,79,31,Neutral,,,,,,0.0022,1.37,0.0,0.002,other,normal,,,,,,,,0.0190,1.0668,52.5,Hold timeout (52.5h) — no signal conviction,W3,322.21,293.18
2026-04-27 00:54:11,OPEN,AVAXUSD,simple_buy_uptrend,long,9.475260,4.84,3.72,1.30,bullish,58.4,100,47,Neutral,1,37.78,0.180,1008.0,"UPTREND BUY: 50>200 SMA, ret1w=3.7%",0.6818,0.6032,4.32,,alt_l1,normal,0.0,up,0.0192,,,,,,,,,L1,321.28,142.02
2026-04-27 00:54:16,OPEN,LINKUSD,simple_buy_uptrend,long,9.495700,4.64,3.57,1.30,bullish,68.6,100,47,Neutral,1,37.78,0.180,1008.0,"UPTREND BUY: 50>200 SMA, ret1w=3.6%",0.8394,0.4973,4.69,,defi,normal,0.0,up,0.0194,,,,,,,,,L1,321.28,104.24
2026-04-27 00:54:27,OPEN,LTCUSD,simple_buy_uptrend,long,56.341815,4.44,3.41,1.30,bullish,54.6,100,47,Neutral,1,37.40,0.180,1008.0,"UPTREND BUY: 50>200 SMA, ret1w=3.4%",0.8382,0.3998,4.49,,mid_cap,normal,0.0,up,0.0192,,,,,,,,,L1,321.28,66.84
2026-04-27 00:54:32,OPEN,SOLUSD,simple_buy_uptrend,long,87.036460,4.08,3.14,1.30,bullish,66.1,100,47,Neutral,1,28.82,0.180,1008.0,"UPTREND BUY: 50>200 SMA, ret1w=3.1%",0.7986,0.5146,4.75,,large_cap,normal,0.0,up,0.0192,,,,,,,,,L1,321.28,38.02
2026-04-27 00:59:12,OPEN,DOTUSD,buy_btc_leading,long,1.267766,6.67,5.13,1.30,bullish,58.3,100,47,Neutral,1,16.56,0.180,1008.0,"BTC LEADING: BTC +6.2%, alt lag 5.1%",0.8378,0.6301,5.24,,alt_l1,normal,0.0,up,0.0228,,,,,,,,,0,321.29,21.46
2026-04-27 01:09:20,OPEN,DOTUSD,buy_btc_leading,long,1.269665,7.83,6.03,1.30,bullish,59.8,100,47,Neutral,1,37.78,0.180,1008.0,"BTC LEADING: BTC +6.4%, alt lag 5.6%",0.8833,0.6135,4.59,,alt_l1,normal,0.0,up,0.0217,,,,,,,,,0,321.29,142.02
2026-04-27 01:09:25,OPEN,LINKUSD,simple_buy_uptrend,long,9.521727,5.27,4.05,1.30,bullish,72.5,100,47,Neutral,1,37.78,0.180,1008.0,"UPTREND BUY: 50>200 SMA, ret1w=4.1%",0.8262,0.5273,5.14,,defi,normal,0.0,up,0.0217,,,,,,,,,L1,321.29,104.24
2026-04-27 01:09:30,OPEN,LTCUSD,simple_buy_uptrend,long,56.391790,4.51,3.47,1.30,bullish,57.0,100,47,Neutral,1,37.78,0.180,1008.0,"UPTREND BUY: 50>200 SMA, ret1w=3.5%",0.8,0.3934,4.68,,mid_cap,normal,0.0,up,0.0219,,,,,,,,,L1,321.29,66.45
2026-04-27 01:19:29,OPEN,AVAXUSD,simple_buy_uptrend,long,9.495250,5.27,4.05,1.30,bullish,62.8,100,47,Neutral,1,37.74,0.180,1008.0,"UPTREND BUY: 50>200 SMA, ret1w=4.1%",0.7826,0.6099,4.68,,alt_l1,normal,0.0,up,0.0195,,,,,,,,,L1,320.93,66.26
2026-04-27 01:19:35,OPEN,LINKUSD,simple_buy_uptrend,long,9.507814,5.01,3.85,1.30,bullish,70.3,100,47,Neutral,1,28.86,0.180,1008.0,"UPTREND BUY: 50>200 SMA, ret1w=3.9%",0.7603,0.5425,5.0,,defi,normal,0.0,up,0.0198,,,,,,,,,L1,320.93,37.40
2026-04-27 01:19:47,OPEN,BNBUSD,simple_buy_uptrend,long,636.401640,3.18,2.44,1.30,bullish,64.1,100,47,Neutral,1,16.12,0.180,1008.0,"UPTREND BUY: 50>200 SMA, ret1w=2.4%",0.7571,0.3445,4.97,,large_cap,normal,0.0,up,0.0197,,,,,,,,,L1,320.93,21.28
2026-04-27 01:29:35,OPEN,XBTUSD,simple_buy_uptrend,long,78869.645450,7.75,5.96,1.30,bullish,74.9,100,47,Neutral,1,37.77,0.180,1008.0,"UPTREND BUY: 50>200 SMA, ret1w=6.0%",0.7159,0.5382,5.59,0.0001,large_cap,normal,0.0208,up,0.0179,,,,,,,,,L1,321.16,66.39
2026-04-27 01:29:41,OPEN,AVAXUSD,simple_buy_uptrend,long,9.485255,5.13,3.94,1.30,bullish,61.5,100,47,Neutral,1,28.92,0.180,1008.0,"UPTREND BUY: 50>200 SMA, ret1w=3.9%",0.7391,0.6181,4.6,,alt_l1,normal,0.0,up,0.0179,,,,,,,,,L1,321.16,37.47
2026-04-27 01:29:52,OPEN,BNBUSD,simple_buy_uptrend,long,636.241720,3.05,2.35,1.30,bullish,62.0,100,47,Neutral,1,16.15,0.180,1008.0,"UPTREND BUY: 50>200 SMA, ret1w=2.3%",0.7111,0.3513,4.9,,large_cap,normal,0.0,up,0.0179,,,,,,,,,L1,321.16,21.32
2026-04-27 02:15:17,OPEN,SOLUSD,simple_buy_uptrend,long,87.446255,4.38,3.37,1.30,bullish,74.0,100,47,Neutral,1,37.80,0.180,1008.0,"UPTREND BUY: 50>200 SMA, ret1w=3.4%",0.8128,0.5322,5.58,,large_cap,normal,0.0,up,0.0232,,,,,,,,,L1,321.44,179.04
2026-04-27 02:25:26,OPEN,SOLUSD,simple_buy_uptrend,long,87.436260,4.33,3.33,1.30,bullish,73.6,100,47,Neutral,1,37.80,0.180,1008.0,"UPTREND BUY: 50>200 SMA, ret1w=3.3%",0.798,0.5324,5.55,,large_cap,normal,0.0,up,0.0221,,,,,,,,,L1,321.39,178.99
2026-04-27 02:30:31,OPEN,BNBUSD,simple_buy_uptrend,long,637.171255,3.21,2.47,1.30,bullish,66.6,100,47,Neutral,1,37.41,0.180,1008.0,"UPTREND BUY: 50>200 SMA, ret1w=2.5%",0.8183,0.3505,5.09,,large_cap,normal,0.0,up,0.0224,,,,,,,,,L1,321.40,141.59
2026-04-27 05:02:31,OPEN,XMRUSD,simple_buy_uptrend,long,388.425690,14.05,10.81,1.30,bullish,59.6,100,47,Neutral,1,37.78,0.180,1008.0,"UPTREND BUY: 50>200 SMA, ret1w=10.8%",0.395,1.1007,1.36,0.0012,other,normal,0.0845,up,0.0107,,,,,,,,,L1,321.25,141.08
2026-04-27 05:02:38,OPEN,XBTUSD,simple_buy_uptrend,long,78805.477550,7.00,5.38,1.30,bullish,67.4,100,47,Neutral,1,37.78,0.180,1008.0,"UPTREND BUY: 50>200 SMA, ret1w=5.4%",0.6305,0.4644,5.1,0.0001,large_cap,normal,0.0223,up,0.0107,,,,,,,,,L1,321.25,103.30
2026-04-27 05:02:45,OPEN,ETHUSD,simple_buy_uptrend,long,2378.120345,5.25,4.04,1.30,bullish,69.4,100,47,Neutral,1,37.39,0.180,1008.0,"UPTREND BUY: 50>200 SMA, ret1w=4.0%",0.6834,0.5506,5.57,0.0002,large_cap,normal,0.0372,up,0.0107,,,,,,,,,L1,321.25,65.91
2026-04-27 05:02:53,OPEN,XRPUSD,buy_btc_leading,long,1.437911,4.97,3.82,1.30,bullish,62.0,100,47,Neutral,1,28.71,0.180,1008.0,"BTC LEADING: BTC +5.4%, alt lag 3.6%",0.7051,0.4203,5.04,0.0006,mid_cap,normal,0.0187,up,0.011,,,,,,,,,0,321.25,37.20
2026-04-27 05:17:39,OPEN,HYPEUSD,simple_buy_uptrend,long,42.748615,5.18,3.99,1.30,bullish,68.5,100,47,Neutral,1,16.46,0.180,1008.0,"UPTREND BUY: 50>200 SMA, ret1w=4.0%",0.6858,0.7102,9.16,0.0006,mid_cap,normal,0.0637,up,0.0015,,,,,,,,,L1,318.91,21.32
2026-04-27 07:39:28,CLOSE,DOTUSD,buy_btc_leading,long,1.232000,,,,,,57,47,Neutral,,,,,,0.8833,0.6135,4.59,,alt_l1,normal,0.0,up,0.0217,,,,,-0.0362,-1.3664,6.4,Slot replacement for simple_buy_uptrend XMRUSD score 12.6,L1,314.30,42.00
2026-04-27 08:04:54,OPEN,XMRUSD,simple_buy_uptrend,long,387.855975,13.00,10.00,1.30,bullish,58.9,57,47,Neutral,1,37.10,0.180,1008.0,"UPTREND BUY: 50>200 SMA, ret1w=10.0%",0.2537,1.178,16.56,0.0012,other,normal,0.0662,mixed,-0.0036,,,,,,,,,L1,315.50,53.45
2026-04-27 15:20:47,OPEN,XMRUSD,btc_alt_spread,long,378.810500,2.43,1.87,1.30,bullish,41.7,21,47,Neutral,1,36.48,0.040,24.0,"BTC ALT SPREAD: BTC -1.3% vs XMRUSD -4.5%, RSI=27.3",0.0064,1.4454,0.0,0.0011,other,normal,0.0662,mixed,-0.0117,,,,,,,,,W3,313.39,51.97
2026-04-27 15:30:45,CLOSE,XMRUSD,btc_alt_spread,long,389.510000,,,,,,21,47,Neutral,,,,,,0.0064,1.4454,0.0,0.0011,other,normal,0.0662,mixed,-0.0117,,,,,-0.0022,-0.0829,0.1,Bearish overlay: falling_wedge_short score 31.2 (retry),L1,312.52,87.58
2026-04-27 15:40:52,CLOSE,HYPEUSD,simple_buy_uptrend,long,41.870000,,,,,,21,47,Neutral,,,,,,0.6858,0.7102,9.16,0.0006,mid_cap,normal,0.0637,up,0.0015,,,,,-0.0271,-0.4452,10.3,Bearish overlay: falling_wedge_short score 27.2,L2,312.27,103.78
2026-04-28 05:52:21,OPEN,ZECUSD,btc_alt_spread,long,337.581125,5.67,7.09,0.80,bearish,24.8,0,33,Neutral,1,37.13,0.040,24.0,"BTC ALT SPREAD: BTC -1.1% vs ZECUSD -4.3%, RSI=18.0",0.0951,1.4438,0.0,0.0011,other,normal,0.0706,mixed,-0.0103,,,,,,,,,L1,312.55,66.93
2026-04-28 06:48:07,OPEN,HYPEUSD,btc_alt_spread,long,40.709635,3.57,4.46,0.80,bearish,30.4,0,33,Neutral,1,36.64,0.040,24.0,"BTC ALT SPREAD: BTC -1.4% vs HYPEUSD -4.4%, RSI=23.1",0.0224,0.856,0.0,0.0013,mid_cap,normal,0.0543,mixed,-0.0129,,,,,,,,,L1,311.59,29.33
2026-04-28 15:24:28,CLOSE,ZECUSD,btc_alt_spread,long,334.180000,,,,,,0,33,Neutral,,,,,,0.0951,1.4438,0.0,0.0011,other,normal,0.0706,mixed,-0.0103,,,,,-0.0166,-0.6155,9.5,Conviction decay — btc_alt_spread support faded to 2.8 after 9.5h,L2,308.44,63.31
2026-04-28 15:24:35,OPEN,ZECUSD,btc_alt_spread,long,334.422705,2.28,2.85,0.80,bearish,24.0,0,33,Neutral,1,35.90,0.040,24.0,"BTC ALT SPREAD: BTC -1.0% vs ZECUSD -4.4%, RSI=28.6",0.1354,1.2114,0.0,0.0014,other,normal,0.0835,mixed,-0.0073,,,,,,,,,L2,308.44,27.41
2026-04-28 15:34:29,CLOSE,HYPEUSD,btc_alt_spread,long,39.770000,,,,,,0,33,Neutral,,,,,,0.0224,0.856,0.0,0.0013,mid_cap,normal,0.0543,mixed,-0.0129,,,,,-0.0296,-1.0840,8.4,Conviction decay — btc_alt_spread support faded to 4.5 after 8.4h (retry),L3,307.33,62.93
2026-04-28 15:34:35,OPEN,HYPEUSD,btc_alt_spread,long,39.660160,5.24,6.55,0.80,bearish,19.8,0,33,Neutral,1,35.77,0.040,24.0,"BTC ALT SPREAD: BTC -1.1% vs HYPEUSD -4.9%, RSI=21.0",0.0647,1.0112,0.0,0.0013,mid_cap,normal,0.0622,mixed,-0.009,,,,,,,,,L3,307.33,27.16
2026-04-29 00:37:19,CLOSE,JITOSOLUSD,simple_buy_uptrend,long,107.100000,,,,,,0,26,Fear,,,,,,0.8027,0.0937,6.72,0.0003,other,normal,,,,,,,,-0.0497,-1.4425,142.0,"Regime exit: F&G=26 < 30, bull tool in fear",L3,308.61,199.15
2026-04-29 00:42:21,CLOSE,XBTUSD,simple_buy_uptrend,long,76340.400000,,,,,,0,26,Fear,,,,,,0.6305,0.4644,5.1,0.0001,large_cap,normal,0.0223,up,0.0107,,,,,-0.0378,-1.4273,43.5,"Regime exit: F&G=26 < 30, bull tool in fear",L4,308.69,237.01
2026-04-29 13:32:25,CLOSE,ZECUSD,btc_alt_spread,long,327.020000,,,,,,27,26,Fear,,,,,,0.1354,1.2114,0.0,0.0014,other,normal,0.0835,mixed,-0.0073,,,,,-0.0286,-1.0281,22.0,Conviction decay — no long support after 22.0h,L4,307.74,163.90
2026-04-29 15:59:01,CLOSE,HYPEUSD,btc_alt_spread,long,39.540000,,,,,,14,26,Fear,,,,,,0.0647,1.0112,0.0,0.0013,mid_cap,normal,0.0622,mixed,-0.009,,,,,-0.0095,-0.3409,24.1,Hold timeout (24.1h) — no signal conviction (retry),L5,307.92,307.92
2026-04-29 16:04:11,OPEN,JITOSOLUSD,vpin_toxic,long,106.156895,13.26,16.58,0.80,bearish,34.7,14,26,Fear,1,29.90,0.040,8.0,"VPIN TOXIC: VPIN=0.83, red candle",0.0294,0.2692,0.0,0.0004,other,normal,0.0286,down,-0.0028,probation_rebound,0.65,3,2.7359999999999998,,,,,W1,308.26,278.36
2026-04-30 02:36:53,CLOSE,JITOSOLUSD,vpin_toxic,long,105.790000,,,,,,0,29,Fear,,,,,,0.0294,0.2692,0.0,0.0004,other,normal,0.0286,down,-0.0028,probation_rebound,0.65,3,2.7359999999999998,-0.0100,-0.2977,10.5,Hold timeout (10.5h) — no signal conviction,L1,307.72,307.72
2026-05-01 11:38:45,OPEN,DOTUSD,month_start_long,long,1.195302,15.60,19.50,0.80,bearish,33.1,54,26,Fear,1,17.93,0.040,24.0,MONTH START LONG: day 1 of month,0.0519,0.5838,0.0,,alt_l1,normal,0.0,mixed,0.014,calendar_edge,0.65,0,0.0,,,,,0,308.03,290.10
2026-05-01 12:34:31,OPEN,XRPUSD,month_start_long,long,1.385367,25.35,19.50,1.30,bullish,63.9,67,26,Fear,1,17.93,0.040,24.0,MONTH START LONG: day 1 of month,0.9337,0.4511,5.06,0.0003,mid_cap,normal,0.0133,mixed,0.021,calendar_edge,0.65,0,0.0,,,,,0,308.04,272.18
